variant	rs_ids	ref_allele	alt_allele	most_severe_consequence	all_consequences	coding_consequences	protein_changes	impact	gene_id	gene_symbol	transcript_id	canonical_transcript	biotype	hgnc_id	clinical_significance	sift_prediction	polyphen_prediction	gnomad_af	gnomad_afr_af	gnomad_eur_af	gnomad_eas_af
2:15591874:A:G	rs10221770	A	G	5_prime_UTR_variant	5_prime_UTR_variant;NMD_transcript_variant;non_coding_transcript_exon_variant;upstream_gene_variant	5_prime_UTR_variant;upstream_gene_variant		MODIFIER	ENSG00000079785	DDX1	ENST00000233084	NO	protein_coding	HGNC:2734				0.691	0.8571	0.602	0.8855
2:15591878:C:T	rs2277913	C	T	5_prime_UTR_variant	5_prime_UTR_variant;NMD_transcript_variant;non_coding_transcript_exon_variant;upstream_gene_variant	5_prime_UTR_variant;upstream_gene_variant		MODIFIER	ENSG00000079785	DDX1	ENST00000233084	NO	protein_coding	HGNC:2734				0.02417	0.03919	0.00228	0.2196
2:15591884:A:G	rs201116907	A	G	5_prime_UTR_variant	5_prime_UTR_variant;NMD_transcript_variant;non_coding_transcript_exon_variant;upstream_gene_variant	5_prime_UTR_variant;upstream_gene_variant		MODIFIER	ENSG00000079785	DDX1	ENST00000233084	NO	protein_coding	HGNC:2734				0.003888	0.006543	0.001397	0
2:15591886:T:G	rs200240684	T	G	5_prime_UTR_variant	5_prime_UTR_variant;NMD_transcript_variant;non_coding_transcript_exon_variant;upstream_gene_variant	5_prime_UTR_variant;upstream_gene_variant		MODIFIER	ENSG00000079785	DDX1	ENST00000233084	NO	protein_coding	HGNC:2734				0.003894	0.006556	0.001398	0
2:15591887:C:A	rs199677503	C	A	5_prime_UTR_variant	5_prime_UTR_variant;NMD_transcript_variant;non_coding_transcript_exon_variant;upstream_gene_variant	5_prime_UTR_variant;upstream_gene_variant		MODIFIER	ENSG00000079785	DDX1	ENST00000233084	NO	protein_coding	HGNC:2734				0.003889	0.006548	0.001397	0
2:15591944:T:C		T	C	missense_variant	5_prime_UTR_variant;NMD_transcript_variant;missense_variant;non_coding_transcript_exon_variant;upstream_gene_variant	5_prime_UTR_variant;missense_variant	DDX1:F/S	MODERATE	ENSG00000079785	DDX1	ENST00000233084	NO	protein_coding	HGNC:2734		deleterious	benign				
2:15592010:C:G	rs376354826	C	G	intron_variant	NMD_transcript_variant;intron_variant;non_coding_transcript_variant;upstream_gene_variant	intron_variant		MODIFIER	ENSG00000079785	DDX1	ENST00000233084	NO	protein_coding	HGNC:2734				0.002389	0.0008656	0.004057	0
2:15592114:G:C	rs73915402	G	C	intron_variant	NMD_transcript_variant;intron_variant;non_coding_transcript_variant;upstream_gene_variant	intron_variant		MODIFIER	ENSG00000079785	DDX1	ENST00000233084	NO	protein_coding	HGNC:2734				0.2585	0.4827	0.1547	0.199
2:15592116:C:T		C	T	intron_variant	NMD_transcript_variant;intron_variant;non_coding_transcript_variant;upstream_gene_variant	intron_variant		MODIFIER	ENSG00000079785	DDX1	ENST00000233084	NO	protein_coding	HGNC:2734							
2:15592154:G:T	rs563893997	G	T	intron_variant	NMD_transcript_variant;intron_variant;non_coding_transcript_variant;upstream_gene_variant	intron_variant		MODIFIER	ENSG00000079785	DDX1	ENST00000233084	NO	protein_coding	HGNC:2734				0.001182	0.0003606	0.001999	0
2:15595090:A:G	rs1002141585	A	G	intron_variant	NMD_transcript_variant;intron_variant;non_coding_transcript_variant;upstream_gene_variant	intron_variant		MODIFIER	ENSG00000079785	DDX1	ENST00000233084	NO	protein_coding	HGNC:2734				6.569e-06	0	1.47e-05	0
2:15595169:C:T		C	T	missense_variant	5_prime_UTR_variant;NMD_transcript_variant;intron_variant;missense_variant;non_coding_transcript_exon_variant;upstream_gene_variant	5_prime_UTR_variant;intron_variant;missense_variant	DDX1:A/V	MODERATE	ENSG00000079785	DDX1	ENST00000233084	NO	protein_coding	HGNC:2734		tolerated	benign				
2:15595231:G:A	rs377498435	G	A	intron_variant	NMD_transcript_variant;intron_variant;non_coding_transcript_variant;upstream_gene_variant	intron_variant		MODIFIER	ENSG00000079785	DDX1	ENST00000233084	NO	protein_coding	HGNC:2734				0.0002235	0.0001689	0.000397	0
2:15595316:T:C	rs185283820	T	C	intron_variant	NMD_transcript_variant;intron_variant;non_coding_transcript_variant;upstream_gene_variant	intron_variant		MODIFIER	ENSG00000079785	DDX1	ENST00000233084	NO	protein_coding	HGNC:2734				0.01082	0.001443	0.01239	0.0001928
2:15595318:A:G	rs995257578	A	G	intron_variant	NMD_transcript_variant;intron_variant;non_coding_transcript_variant;upstream_gene_variant	intron_variant		MODIFIER	ENSG00000079785	DDX1	ENST00000233084	NO	protein_coding	HGNC:2734							
2:15595396:G:A	rs140126421	G	A	intron_variant	NMD_transcript_variant;intron_variant;non_coding_transcript_variant;upstream_gene_variant	intron_variant		MODIFIER	ENSG00000079785	DDX1	ENST00000233084	NO	protein_coding	HGNC:2734				0.00525	0.001421	0.008191	0
2:15595442:C:T	rs114641333	C	T	splice_polypyrimidine_tract_variant	NMD_transcript_variant;intron_variant;non_coding_transcript_variant;splice_polypyrimidine_tract_variant;upstream_gene_variant	intron_variant;splice_polypyrimidine_tract_variant		MODIFIER	ENSG00000079785	DDX1	ENST00000233084	NO	protein_coding	HGNC:2734				0.0003352	0.0001205	0.0003088	0
2:15595521:C:A		C	A	missense_variant	5_prime_UTR_variant;NMD_transcript_variant;intron_variant;missense_variant;non_coding_transcript_exon_variant;upstream_gene_variant	5_prime_UTR_variant;intron_variant;missense_variant	DDX1:P/T	MODERATE	ENSG00000079785	DDX1	ENST00000233084	NO	protein_coding	HGNC:2734		deleterious	probably_damaging				
2:15595524:T:C	rs2302929	T	C	synonymous_variant	5_prime_UTR_variant;NMD_transcript_variant;intron_variant;non_coding_transcript_exon_variant;synonymous_variant;upstream_gene_variant	5_prime_UTR_variant;intron_variant;synonymous_variant	DDX1:L	LOW	ENSG00000079785	DDX1	ENST00000233084	NO	protein_coding	HGNC:2734				0.1467	0.05866	0.1872	0.3708
2:15595627:C:T	rs1665485026	C	T	intron_variant	NMD_transcript_variant;intron_variant;non_coding_transcript_variant;upstream_gene_variant	intron_variant		MODIFIER	ENSG00000079785	DDX1	ENST00000233084	NO	protein_coding	HGNC:2734				6.573e-06	0	1.47e-05	0
2:15596787:T:G	rs889765383	T	G	intron_variant	NMD_transcript_variant;intron_variant;non_coding_transcript_variant;upstream_gene_variant	intron_variant		MODIFIER	ENSG00000079785	DDX1	ENST00000233084	NO	protein_coding	HGNC:2734							
2:15596864:C:A		C	A	intron_variant	NMD_transcript_variant;intron_variant;non_coding_transcript_variant;upstream_gene_variant	intron_variant		MODIFIER	ENSG00000079785	DDX1	ENST00000233084	NO	protein_coding	HGNC:2734							
2:15596865:C:A		C	A	intron_variant	NMD_transcript_variant;intron_variant;non_coding_transcript_variant;upstream_gene_variant	intron_variant		MODIFIER	ENSG00000079785	DDX1	ENST00000233084	NO	protein_coding	HGNC:2734							
2:15597356:C:A	rs2302931	C	A	intron_variant	NMD_transcript_variant;intron_variant;non_coding_transcript_variant;upstream_gene_variant	intron_variant		MODIFIER	ENSG00000079785	DDX1	ENST00000233084	NO	protein_coding	HGNC:2734				0.2402	0.4203	0.1541	0.2005
2:15597440:A:G	rs143528765	A	G	synonymous_variant	5_prime_UTR_variant;NMD_transcript_variant;non_coding_transcript_exon_variant;synonymous_variant;upstream_gene_variant	5_prime_UTR_variant;synonymous_variant	DDX1:K	LOW	ENSG00000079785	DDX1	ENST00000233084	NO	protein_coding	HGNC:2734				0.0002428	0.0001202	0.0004409	0
2:15599798:A:G	rs997607158	A	G	intron_variant	NMD_transcript_variant;intron_variant;non_coding_transcript_variant	intron_variant		MODIFIER	ENSG00000079785	DDX1	ENST00000233084	NO	protein_coding	HGNC:2734				9.853e-05	0	0.0001911	0
2:15602662:C:CT	rs772770300	C	CT	non_coding_transcript_exon_variant	NMD_transcript_variant;intron_variant;non_coding_transcript_exon_variant;non_coding_transcript_variant	intron_variant		MODIFIER	ENSG00000079785	DDX1	ENST00000233084	NO	protein_coding	HGNC:2734							
2:15602668:A:G	rs748950870	A	G	non_coding_transcript_exon_variant	NMD_transcript_variant;intron_variant;non_coding_transcript_exon_variant;non_coding_transcript_variant	intron_variant		MODIFIER	ENSG00000079785	DDX1	ENST00000233084	NO	protein_coding	HGNC:2734				2.63e-05	0	5.882e-05	0
2:15602702:G:GTTGT		G	GTTGT	non_coding_transcript_exon_variant	NMD_transcript_variant;intron_variant;non_coding_transcript_exon_variant;non_coding_transcript_variant	intron_variant		MODIFIER	ENSG00000079785	DDX1	ENST00000233084	NO	protein_coding	HGNC:2734							
2:15603220:T:C	rs2302933	T	C	synonymous_variant	NMD_transcript_variant;non_coding_transcript_exon_variant;synonymous_variant	synonymous_variant	DDX1:H	LOW	ENSG00000079785	DDX1	ENST00000233084	NO	protein_coding	HGNC:2734				0.0243	0.03935	0.002279	0.2206
2:15603346:C:G	rs1399487502	C	G	intron_variant	NMD_transcript_variant;intron_variant;non_coding_transcript_variant	intron_variant		MODIFIER	ENSG00000079785	DDX1	ENST00000233084	NO	protein_coding	HGNC:2734				2.635e-05	0	2.942e-05	0
2:15603755:G:A	rs3815690	G	A	intron_variant	NMD_transcript_variant;intron_variant;non_coding_transcript_variant	intron_variant		MODIFIER	ENSG00000079785	DDX1	ENST00000233084	NO	protein_coding	HGNC:2734				0.02423	0.03923	0.002279	0.2197
2:15603897:G:A	rs370867394	G	A	splice_region_variant	NMD_transcript_variant;intron_variant;non_coding_transcript_variant;splice_region_variant	intron_variant;splice_region_variant		LOW	ENSG00000079785	DDX1	ENST00000233084	NO	protein_coding	HGNC:2734				4.598e-05	0.0001203	1.47e-05	0
2:15604389:T:G	rs41264161	T	G	intron_variant	NMD_transcript_variant;intron_variant;non_coding_transcript_variant	intron_variant		MODIFIER	ENSG00000079785	DDX1	ENST00000233084	NO	protein_coding	HGNC:2734				0.02012	0.005653	0.03144	0.0001927
2:15604536:G:T		G	T	intron_variant	NMD_transcript_variant;intron_variant;non_coding_transcript_variant	intron_variant		MODIFIER	ENSG00000079785	DDX1	ENST00000233084	NO	protein_coding	HGNC:2734							
2:15605861:A:AT		A	AT	intron_variant	NMD_transcript_variant;intron_variant;non_coding_transcript_variant	intron_variant		MODIFIER	ENSG00000079785	DDX1	ENST00000233084	NO	protein_coding	HGNC:2734							
2:15605886:A:T	rs72780859	A	T	intron_variant	NMD_transcript_variant;intron_variant;non_coding_transcript_variant	intron_variant		MODIFIER	ENSG00000079785	DDX1	ENST00000233084	NO	protein_coding	HGNC:2734				0.01711	0.004381	0.02183	0.001351
2:15605916:T:G	rs181240466	T	G	intron_variant	NMD_transcript_variant;intron_variant;non_coding_transcript_variant	intron_variant		MODIFIER	ENSG00000079785	DDX1	ENST00000233084	NO	protein_coding	HGNC:2734				0.001728	0.00537	0.0001029	0
2:15605923:A:ATC		A	ATC	intron_variant	NMD_transcript_variant;intron_variant;non_coding_transcript_variant	intron_variant		MODIFIER	ENSG00000079785	DDX1	ENST00000233084	NO	protein_coding	HGNC:2734							
2:15605937:C:CTT		C	CTT	splice_polypyrimidine_tract_variant	NMD_transcript_variant;intron_variant;non_coding_transcript_variant;splice_polypyrimidine_tract_variant	intron_variant;splice_polypyrimidine_tract_variant		LOW	ENSG00000079785	DDX1	ENST00000233084	NO	protein_coding	HGNC:2734							
2:15606096:C:T	rs41264195	C	T	intron_variant	NMD_transcript_variant;intron_variant;non_coding_transcript_variant	intron_variant		MODIFIER	ENSG00000079785	DDX1	ENST00000233084	NO	protein_coding	HGNC:2734				0.1295	0.05231	0.1602	0.3711
2:15607064:T:C		T	C	intron_variant	NMD_transcript_variant;intron_variant;non_coding_transcript_variant	intron_variant		MODIFIER	ENSG00000079785	DDX1	ENST00000233084	NO	protein_coding	HGNC:2734							
2:15607091:T:C	rs1347040974	T	C	intron_variant	NMD_transcript_variant;intron_variant;non_coding_transcript_variant	intron_variant		MODIFIER	ENSG00000079785	DDX1	ENST00000233084	NO	protein_coding	HGNC:2734				1.314e-05	0	2.939e-05	0
2:15607110:G:A	rs55800266	G	A	intron_variant	NMD_transcript_variant;intron_variant;non_coding_transcript_variant	intron_variant		MODIFIER	ENSG00000079785	DDX1	ENST00000233084	NO	protein_coding	HGNC:2734				0.07041	0.02409	0.1014	0.000386
2:15607199:A:G	rs751531563	A	G	missense_variant	3_prime_UTR_variant;NMD_transcript_variant;missense_variant;non_coding_transcript_exon_variant	3_prime_UTR_variant;missense_variant	DDX1:K/R	MODERATE	ENSG00000079785	DDX1	ENST00000233084	NO	protein_coding	HGNC:2734		tolerated	possibly_damaging	6.57e-06	0	1.47e-05	0
2:15607248:G:A	rs150126532	G	A	synonymous_variant	3_prime_UTR_variant;NMD_transcript_variant;non_coding_transcript_exon_variant;synonymous_variant	3_prime_UTR_variant;synonymous_variant	DDX1:E	LOW	ENSG00000079785	DDX1	ENST00000233084	NO	protein_coding	HGNC:2734				0.0007553	0.0003369	0.001294	0
2:15607269:C:T	rs10929378	C	T	synonymous_variant	3_prime_UTR_variant;NMD_transcript_variant;non_coding_transcript_exon_variant;synonymous_variant	3_prime_UTR_variant;synonymous_variant	DDX1:N	LOW	ENSG00000079785	DDX1	ENST00000233084	NO	protein_coding	HGNC:2734				0.6592	0.8092	0.5694	0.8866
2:15607294:A:G	rs1665678982	A	G	missense_variant	3_prime_UTR_variant;NMD_transcript_variant;missense_variant;non_coding_transcript_exon_variant	3_prime_UTR_variant;missense_variant	DDX1:I/V	MODERATE	ENSG00000079785	DDX1	ENST00000233084	NO	protein_coding	HGNC:2734		tolerated	benign				
2:15607340:C:T	rs150261273	C	T	intron_variant	NMD_transcript_variant;intron_variant;non_coding_transcript_variant	intron_variant		MODIFIER	ENSG00000079785	DDX1	ENST00000233084	NO	protein_coding	HGNC:2734				0.001459	0.0002891	0.002515	0
2:15613132:T:C	rs1167851725	T	C	intron_variant	NMD_transcript_variant;intron_variant;non_coding_transcript_variant	intron_variant		MODIFIER	ENSG00000079785	DDX1	ENST00000233084	NO	protein_coding	HGNC:2734				1.315e-05	0	2.94e-05	0
2:15613153:T:A		T	A	intron_variant	NMD_transcript_variant;intron_variant;non_coding_transcript_variant	intron_variant		MODIFIER	ENSG00000079785	DDX1	ENST00000233084	NO	protein_coding	HGNC:2734							
2:15613155:C:G	rs2302934	C	G	intron_variant	NMD_transcript_variant;intron_variant;non_coding_transcript_variant	intron_variant		MODIFIER	ENSG00000079785	DDX1	ENST00000233084	NO	protein_coding	HGNC:2734				0.127	0.05178	0.1563	0.3729
2:15613194:T:C	rs540156050	T	C	intron_variant	NMD_transcript_variant;intron_variant;non_coding_transcript_variant	intron_variant		MODIFIER	ENSG00000079785	DDX1	ENST00000233084	NO	protein_coding	HGNC:2734				5.258e-05	9.639e-05	4.411e-05	0
2:15613196:T:TA	rs565009058	T	TA	intron_variant	NMD_transcript_variant;intron_variant;non_coding_transcript_variant	intron_variant		MODIFIER	ENSG00000079785	DDX1	ENST00000233084	NO	protein_coding	HGNC:2734							
2:15613345:C:A		C	A	intron_variant	NMD_transcript_variant;intron_variant;non_coding_transcript_variant	intron_variant		MODIFIER	ENSG00000079785	DDX1	ENST00000233084	NO	protein_coding	HGNC:2734							
2:15613347:C:A		C	A	intron_variant	NMD_transcript_variant;intron_variant;non_coding_transcript_variant	intron_variant		MODIFIER	ENSG00000079785	DDX1	ENST00000233084	NO	protein_coding	HGNC:2734							
2:15613358:C:G	rs2302935	C	G	intron_variant	NMD_transcript_variant;intron_variant;non_coding_transcript_variant	intron_variant		MODIFIER	ENSG00000079785	DDX1	ENST00000233084	NO	protein_coding	HGNC:2734				0.2401	0.42	0.1542	0.201
2:15617196:A:T		A	T	intron_variant	NMD_transcript_variant;intron_variant;non_coding_transcript_variant	intron_variant		MODIFIER	ENSG00000079785	DDX1	ENST00000233084	NO	protein_coding	HGNC:2734							
2:15617198:A:T		A	T	intron_variant	NMD_transcript_variant;intron_variant;non_coding_transcript_variant	intron_variant		MODIFIER	ENSG00000079785	DDX1	ENST00000233084	NO	protein_coding	HGNC:2734							
2:15617360:C:A		C	A	intron_variant	NMD_transcript_variant;intron_variant;non_coding_transcript_variant	intron_variant		MODIFIER	ENSG00000079785	DDX1	ENST00000233084	NO	protein_coding	HGNC:2734							
2:15617990:A:G	rs4668944	A	G	intron_variant	NMD_transcript_variant;intron_variant;non_coding_transcript_variant	intron_variant		MODIFIER	ENSG00000079785	DDX1	ENST00000233084	NO	protein_coding	HGNC:2734				0.6637	0.8108	0.577	0.8862
2:15618169:T:C	rs3770466	T	C	splice_polypyrimidine_tract_variant	NMD_transcript_variant;intron_variant;non_coding_transcript_variant;splice_polypyrimidine_tract_variant	intron_variant;splice_polypyrimidine_tract_variant		LOW	ENSG00000079785	DDX1	ENST00000233084	NO	protein_coding	HGNC:2734				0.2402	0.4199	0.1544	0.1995
2:15618313:T:A	rs183876397	T	A	intron_variant	NMD_transcript_variant;intron_variant;non_coding_transcript_variant	intron_variant		MODIFIER	ENSG00000079785	DDX1	ENST00000233084	NO	protein_coding	HGNC:2734				0.008116	0.001829	0.009804	0
2:15620983:T:C	rs545308164	T	C	non_coding_transcript_exon_variant	NMD_transcript_variant;intron_variant;non_coding_transcript_exon_variant;non_coding_transcript_variant	intron_variant		MODIFIER	ENSG00000079785	DDX1	ENST00000233084	NO	protein_coding	HGNC:2734				0.001773	0.0002888	0.002676	0
2:15621152:G:T	rs374295473	G	T	non_coding_transcript_exon_variant	NMD_transcript_variant;intron_variant;non_coding_transcript_exon_variant;non_coding_transcript_variant	intron_variant		MODIFIER	ENSG00000079785	DDX1	ENST00000233084	NO	protein_coding	HGNC:2734				1.973e-05	0	4.41e-05	0
2:15623568:T:TACA		T	TACA	frameshift_variant	3_prime_UTR_variant;NMD_transcript_variant;downstream_gene_variant;frameshift_variant;non_coding_transcript_exon_variant	3_prime_UTR_variant;frameshift_variant	DDX1:I/NX	HIGH	ENSG00000079785	DDX1	ENST00000233084	NO	protein_coding	HGNC:2734							
2:15623654:C:T		C	T	intron_variant	NMD_transcript_variant;downstream_gene_variant;intron_variant;non_coding_transcript_variant	intron_variant		MODIFIER	ENSG00000079785	DDX1	ENST00000233084	NO	protein_coding	HGNC:2734							
2:15623670:C:A		C	A	intron_variant	NMD_transcript_variant;downstream_gene_variant;intron_variant;non_coding_transcript_variant	intron_variant		MODIFIER	ENSG00000079785	DDX1	ENST00000233084	NO	protein_coding	HGNC:2734							
2:15627071:C:T		C	T	missense_variant	3_prime_UTR_variant;NMD_transcript_variant;downstream_gene_variant;missense_variant;non_coding_transcript_exon_variant	3_prime_UTR_variant;missense_variant	DDX1:H/Y	MODERATE	ENSG00000079785	DDX1	ENST00000233084	NO	protein_coding	HGNC:2734		deleterious	possibly_damaging				
2:15627114:A:C	rs761832183	A	C	missense_variant	3_prime_UTR_variant;NMD_transcript_variant;downstream_gene_variant;missense_variant;non_coding_transcript_exon_variant	3_prime_UTR_variant;missense_variant	DDX1:H/P	MODERATE	ENSG00000079785	DDX1	ENST00000233084	NO	protein_coding	HGNC:2734		tolerated	benign	1.971e-05	0	2.94e-05	0
2:15628418:C:T	rs74736892	C	T	3_prime_UTR_variant	3_prime_UTR_variant;NMD_transcript_variant;intron_variant;non_coding_transcript_exon_variant;non_coding_transcript_variant	intron_variant		MODIFIER	ENSG00000079785	DDX1	ENST00000233084	NO	protein_coding	HGNC:2734				0.01504	0.002695	0.01777	0.0001927
2:15628501:C:A		C	A	synonymous_variant	3_prime_UTR_variant;NMD_transcript_variant;intron_variant;non_coding_transcript_exon_variant;synonymous_variant	3_prime_UTR_variant;intron_variant;synonymous_variant	DDX1:I	LOW	ENSG00000079785	DDX1	ENST00000233084	NO	protein_coding	HGNC:2734							
2:15628721:A:G	rs199832049	A	G	3_prime_UTR_variant	3_prime_UTR_variant;NMD_transcript_variant;intron_variant;non_coding_transcript_exon_variant;non_coding_transcript_variant	intron_variant		MODIFIER	ENSG00000079785	DDX1	ENST00000233084	NO	protein_coding	HGNC:2734				0.002547	0.0005015	0.002807	0
2:15628722:A:AT		A	AT	3_prime_UTR_variant	3_prime_UTR_variant;NMD_transcript_variant;intron_variant;non_coding_transcript_exon_variant;non_coding_transcript_variant	intron_variant		MODIFIER	ENSG00000079785	DDX1	ENST00000233084	NO	protein_coding	HGNC:2734							
2:15628752:G:A	rs11900266	G	A	3_prime_UTR_variant	3_prime_UTR_variant;NMD_transcript_variant;intron_variant;non_coding_transcript_exon_variant;non_coding_transcript_variant	intron_variant		MODIFIER	ENSG00000079785	DDX1	ENST00000233084	NO	protein_coding	HGNC:2734				0.2077	0.08786	0.2605	0.0878
2:15628801:G:T		G	T	missense_variant	3_prime_UTR_variant;NMD_transcript_variant;intron_variant;missense_variant;non_coding_transcript_exon_variant	3_prime_UTR_variant;intron_variant;missense_variant	DDX1:G/C	MODERATE	ENSG00000079785	DDX1	ENST00000233084	NO	protein_coding	HGNC:2734		deleterious	probably_damaging				
2:15628924:T:C	rs150139049	T	C	non_coding_transcript_exon_variant	NMD_transcript_variant;intron_variant;non_coding_transcript_exon_variant;non_coding_transcript_variant	intron_variant		MODIFIER	ENSG00000079785	DDX1	ENST00000233084	NO	protein_coding	HGNC:2734				0.001582	0.0005531	0.002808	0
2:15629500:A:G		A	G	non_coding_transcript_exon_variant	NMD_transcript_variant;intron_variant;non_coding_transcript_exon_variant;non_coding_transcript_variant	intron_variant		MODIFIER	ENSG00000079785	DDX1	ENST00000233084	NO	protein_coding	HGNC:2734							
2:15629510:G:C		G	C	non_coding_transcript_exon_variant	NMD_transcript_variant;intron_variant;non_coding_transcript_exon_variant;non_coding_transcript_variant	intron_variant		MODIFIER	ENSG00000079785	DDX1	ENST00000233084	NO	protein_coding	HGNC:2734							
2:15629628:T:C	rs1294270037	T	C	synonymous_variant	3_prime_UTR_variant;NMD_transcript_variant;non_coding_transcript_exon_variant;synonymous_variant	3_prime_UTR_variant;synonymous_variant	DDX1:R	LOW	ENSG00000079785	DDX1	ENST00000233084	NO	protein_coding	HGNC:2734							
2:15629937:G:A	rs2302937	G	A	intron_variant	NMD_transcript_variant;intron_variant;non_coding_transcript_variant	intron_variant		MODIFIER	ENSG00000079785	DDX1	ENST00000233084	NO	protein_coding	HGNC:2734				0.2394	0.418	0.154	0.1974
2:15630085:C:T	rs61757206	C	T	synonymous_variant	3_prime_UTR_variant;NMD_transcript_variant;non_coding_transcript_exon_variant;synonymous_variant	3_prime_UTR_variant;synonymous_variant	DDX1:T	LOW	ENSG00000079785	DDX1	ENST00000233084	NO	protein_coding	HGNC:2734				0.002325	0.0005293	0.004176	0
2:15630144:A:G	rs1048288014	A	G	intron_variant	NMD_transcript_variant;intron_variant;non_coding_transcript_variant	intron_variant		MODIFIER	ENSG00000079785	DDX1	ENST00000233084	NO	protein_coding	HGNC:2734							
2:15630169:C:T	rs77816897	C	T	intron_variant	NMD_transcript_variant;intron_variant;non_coding_transcript_variant	intron_variant		MODIFIER	ENSG00000079785	DDX1	ENST00000233084	NO	protein_coding	HGNC:2734				0.03651	0.009149	0.04424	0.001157
2:15630654:G:T	rs115444796	G	T	intron_variant	NMD_transcript_variant;intron_variant;non_coding_transcript_variant	intron_variant		MODIFIER	ENSG00000079785	DDX1	ENST00000233084	NO	protein_coding	HGNC:2734				0.003841	0.0007219	0.00513	0
2:15630760:T:C	rs751639240	T	C	splice_polypyrimidine_tract_variant	NMD_transcript_variant;intron_variant;non_coding_transcript_variant;splice_polypyrimidine_tract_variant	intron_variant;splice_polypyrimidine_tract_variant		LOW	ENSG00000079785	DDX1	ENST00000233084	NO	protein_coding	HGNC:2734				6.57e-06	0	1.47e-05	0
2:15630849:G:A	rs145077139	G	A	synonymous_variant	3_prime_UTR_variant;NMD_transcript_variant;non_coding_transcript_exon_variant;synonymous_variant	3_prime_UTR_variant;synonymous_variant	DDX1:A	LOW	ENSG00000079785	DDX1	ENST00000233084	NO	protein_coding	HGNC:2734				0.0004071	9.623e-05	0.0003969	0
2:15630865:C:T		C	T	missense_variant	3_prime_UTR_variant;NMD_transcript_variant;missense_variant;non_coding_transcript_exon_variant	3_prime_UTR_variant;missense_variant	DDX1:H/Y	MODERATE	ENSG00000079785	DDX1	ENST00000233084	NO	protein_coding	HGNC:2734		deleterious	benign				
2:15631015:A:G	rs1666186524	A	G	3_prime_UTR_variant	3_prime_UTR_variant;NMD_transcript_variant;non_coding_transcript_exon_variant	3_prime_UTR_variant		MODIFIER	ENSG00000079785	DDX1	ENST00000233084	NO	protein_coding	HGNC:2734				1.314e-05	4.824e-05	0	0
